1,"Michael",3647690,99.47226875090811,47.7185
2,"James",2974190,99.52323153530878,53.0781
3,"John",2780650,99.59326056857209,53.7213
4,"David",2748920,99.61948692577448,50.8744
5,"Robert",2634710,99.56086248581438,56.2176
6,"William",2209770,99.61262936866733,49.8007
7,"Christopher",1917310,99.53007077624379,38.9026
8,"Mary",1733610,0.2982943107157896,64.5175
9,"Joseph",1697930,99.59362282308459,44.0488
10,"Daniel",1640460,99.55622203528279,40.4831
11,"Matthew",1539660,99.65317018042944,34.5465
12,"Thomas",1475770,99.63612215995717,51.7393
13,"Richard",1472670,99.59189770960228,58.4093
14,"Jennifer",1401650,0.31963471622730355,44.3441
15,"Anthony",1216560,99.50516209640298,38.6781
16,"Charles",1216370,99.48042125340152,53.2683
17,"Joshua",1200530,99.5985106577928,30.7302
18,"Elizabeth",1144790,0.28387826588282566,43.0926
19,"Andrew",1138930,99.63211084087696,34.3519
20,"Mark",1113080,99.65680813598303,54.0277
21,"Linda",1084410,0.22644848350716057,68.2753
22,"Steven",1070610,99.61704075246823,50.8018
23,"Kevin",1058650,99.53431256789307,43.7637
24,"Brian",1046820,99.5882768766359,45.9634
25,"Patricia",1042460,0.2782437695451144,66.7773
26,"Jessica",1023360,0.33336167135709815,35.9427
27,"Jason",986151,99.51062261256136,40.0026
28,"Ryan",950716,97.18275489210238,30.8215
29,"Jacob",927256,99.76155452216001,24.3634
30,"Timothy",925100,99.57215436169062,48.3503
31,"Sarah",890696,0.27004724395304347,36.9635
32,"Lisa",886442,0.2751031652381092,54.2198
33,"Susan",882697,0.20703367067068315,64.2148
34,"Ashley",854102,1.5335404904800598,31.4514
35,"Nicholas",846542,99.65754800116238,31.1496
36,"Jeffrey",835817,99.61570535176959,51.4441
37,"Barbara",832594,0.22533551767127796,70.2229
38,"Paul",827013,99.58211055932615,55.3321
39,"Jonathan",819998,99.57902336347162,32.8713
40,"Emily",811277,0.1973851101411725,27.0966
41,"Karen",810912,0.2649547669784144,61.1366
42,"Eric",805988,99.49440934604485,42.0917
43,"Kimberly",797012,0.45064315217336753,46.2039
44,"Kenneth",794149,99.54038851651265,55.9103
45,"Michelle",768674,0.38444516140782703,46.1094
46,"Justin",758596,99.51278414333848,32.5163
47,"Amanda",750218,0.26957231098160805,37.4045
48,"Brandon",746452,99.46185421165727,30.6517
49,"Melissa",721787,0.3206098197944823,43.7513
50,"Benjamin",714331,99.69425938395506,28.1869
51,"Stephanie",703263,0.34903300756615946,41.4661
52,"Alexander",671870,99.36163245866015,24.0918
53,"Ronald",667448,99.57539763397298,62.1301
54,"Scott",666876,99.63936323994265,51.4043
55,"Donald",664269,99.55454793163612,62.5864
56,"Sandra",664219,0.282700434645802,64.5251
57,"Stephen",657463,99.62309666095278,52.0572
58,"Rebecca",651805,0.2670000997230767,46.5201
59,"Nancy",649627,0.25750930918819565,66.245
60,"Amy",643519,0.26065120066384984,45.2184
61,"Samuel",624136,99.65087737288026,30.7664
62,"Gary",615695,99.58891983855644,62.8904
63,"Deborah",615159,0.20765037982050172,63.9961
64,"Laura",613026,0.2958112706475745,49.605
65,"Angela",611642,0.2980877702970038,47.1312
66,"Tyler",603185,97.1562621749546,26.1762
67,"Donna",600980,0.2296915038770009,65.7579
68,"Cynthia",600355,0.2653996385471929,58.5362
69,"Edward",600129,99.54826378995183,55.1814
70,"Gregory",587468,99.5606569208876,52.5155
71,"Samantha",580075,0.19987415420419774,28.1142
72,"Nicole",577222,0.3206028183263978,36.9568
73,"Aaron",566229,99.2722025894117,32.0795
74,"Emma",558617,0.14344157087951137,19.1704
75,"Patrick",557975,99.56861866571083,45.2169
76,"George",555438,99.31819573021652,56.3852
77,"Sharon",549144,0.36660329531051966,65.7265
78,"Nathan",538310,99.69274210027679,28.0557
79,"Adam",537912,99.63246776424397,33.4445
80,"Zachary",535506,99.72063805074079,27.3243
81,"Olivia",530507,0.13244518922464737,16.8229
82,"Carol",530063,0.5267656863429442,70.0887
83,"Jordan",519629,74.36344006974207,24.3826
84,"Jose",518329,99.32591076324111,32.8962
85,"Kelly",513958,13.003358251063318,46.385
86,"Kathleen",512934,0.21060604288271004,62.2595
87,"Larry",510147,99.47544531282159,63.8236
88,"Rachel",508749,0.28480842222785696,36.4342
89,"Heather",504892,0.2732148657534681,42.6845
90,"Brenda",500513,0.33620105771478465,60.83
91,"Noah",498575,99.09502080930652,14.2217
92,"Pamela",498048,0.21786655101516317,61.9645
93,"Margaret",486687,0.22722201332684042,60.0662
94,"Katherine",482379,0.25525986827784786,41.1069
95,"Ethan",472504,99.84317593078576,17.0309
96,"Kyle",471265,98.24769503357983,32.3028
97,"Lauren",466027,0.7243164022685381,31.4571
98,"Maria",465988,0.6669313372876555,43.3536
99,"Debra",465482,0.19301433782616728,64.0445
100,"Christine",465026,0.3203197240584397,55.0299
101,"Victoria",463877,0.22492600409160188,32.7946
102,"Julie",456350,0.27118001533910374,52.7035
103,"Christian",452377,95.75553133780011,23.9397
104,"Christina",445282,0.41746353995894736,42.2663
105,"Anna",438860,0.24218657430615684,38.0725
106,"Hannah",437842,0.1597267964242809,22.8857
107,"Taylor",431208,24.599961039683865,25.1857
108,"Megan",430528,0.24564023710420693,32.9351
109,"Jeremy",424450,99.47932618683002,36.876
110,"Dylan",421283,96.24883985349516,19.2895
111,"Andrea",418833,1.2382572528907703,40.2452
112,"Austin",417690,98.692092221504,23.8856
113,"Dennis",416441,99.49692753595347,61.2323
114,"Madison",416224,1.2811490927961866,18.3711
115,"Jack",414307,99.73715143601243,33.6537
116,"Sophia",406316,0.11863278827316669,14.4302
117,"Logan",405273,92.41276867691654,16.779
118,"Alexis",403938,16.222786665280314,24.1021
119,"Abigail",402634,0.16340820695718694,18.7353
120,"Sean",401304,99.29778920718458,36.3817
121,"Diane",397608,0.241415665680771,66.0931
122,"Douglas",396060,99.6391960814018,57.6314
123,"Isabella",395885,0.11310153201055863,13.2073
124,"Peter",394723,99.66102811338584,49.77
125,"Terry",386960,80.01343808145545,60.666
126,"Catherine",383097,0.2337854381527394,52.4866
127,"Gabriel",379708,98.25681839729477,21.0304
128,"Henry",376954,99.5365482260435,34.2754
129,"Jerry",374658,97.74861340208936,61.5605
130,"Janet",367609,0.2412797292775748,66.2234
131,"Raymond",365047,99.48308026089792,54.8721
132,"Amber",364173,0.25646272513338436,34.9299
133,"Cheryl",364140,0.20582468281430216,63.3348
134,"Carolyn",363118,0.24665150171569572,65.7903
135,"Danielle",362150,0.4956841087946983,35.6523
136,"Bryan",358016,99.53996469431534,37.5835
137,"Elijah",355437,99.64635083010491,14.6576
138,"Brittany",354371,0.29268478515454144,32.4977
139,"Sara",354346,0.27412077461012685,38.6087
140,"Natalie",351856,0.19948757446228002,27.1908
141,"Frank",349421,99.49173060577355,57.7247
142,"Angel",347706,72.2262486123334,23.449
143,"Keith",344897,99.47897488235618,52.1479
144,"Teresa",344330,0.2625501698951587,57.6057
145,"Kayla",340855,0.1640506960437723,26.445
146,"Jacqueline",339916,0.31072382588639547,49.3533
147,"Jamie",336619,23.73838078064518,41.404
148,"Liam",335397,99.84615247005787,9.05432
149,"Betty",334647,0.28676515851031087,74.8847
150,"Jesse",334315,96.79075123760525,37.1424
151,"Mason",331555,99.02218334816246,14.3056
152,"Cameron",331026,90.6064780409998,21.3308
153,"Tiffany",329614,0.34129011510433416,37.6722
154,"Shannon",328142,14.233197822893748,43.8703
155,"Ava",327687,0.09834659293777293,12.6399
156,"Denise",327666,0.3538084512888124,56.9598
157,"Juan",323636,99.2964317937436,32.2732
158,"Kathryn",317121,0.23510395085787444,49.2031
159,"Crystal",316028,0.3483330590960294,40.62
160,"Lucas",315036,99.83589177109917,16.077
161,"Erin",313817,2.795269217410147,37.4904
162,"Shawn",313177,90.34252196042493,42.8935
163,"Julia",313097,0.30521659421840514,36.7031
164,"Shirley",312970,0.6163977378023453,73.4341
165,"Caleb",312852,99.79415186733664,18.8618
166,"Charlotte",310637,0.1274001487266488,29.7192
167,"Alyssa",309913,0.13600139393958952,24.4264
168,"Allison",309532,0.5649399738960754,29.2331
169,"Diana",309464,0.3463763151772097,50.1883
170,"Lori",309452,0.23684836420511096,56.4522
171,"Grace",308694,0.17837372932418513,25.8396
172,"Evelyn",307846,0.25237099069015023,33.6363
173,"Tammy",304374,0.39431751726494385,55.7145
174,"Luke",303887,99.82032795085016,19.0962
175,"Mia",296650,0.1264446317208832,13.2527
176,"Isaac",295157,99.76114406908866,19.4495
177,"Judith",294627,0.22160935691569345,70.2704
178,"Leslie",293899,17.370219020820077,48.77
179,"Robin",293898,12.32046492320465,56.4146
180,"Cody",286474,98.26406584890776,29.2495
181,"Travis",285047,99.38992517023509,36.785
182,"Joyce",282924,0.33101504290904976,70.0391
183,"Tracy",282539,17.82631778267779,52.6019
184,"Bradley",281782,99.34523851771937,40.785
185,"Jackson",280422,99.73325915940976,14.3235
186,"Kathy",278490,0.20232647491830943,63.2193
187,"Evan",277622,98.3884562462629,22.567
188,"Janice",275574,0.23768751769034815,67.9763
189,"Carlos",273638,99.35827626279976,31.9299
190,"Alan",273161,99.6635683717661,47.5457
191,"Courtney",271881,7.385584134235199,33.9613
192,"Randy",271015,98.46576757744036,55.2797
193,"Luis",270757,99.4792378405729,28.3679
194,"Jayden",268978,91.88744060852561,12.4541
195,"Theresa",268675,0.272226667907323,59.4508
196,"Hunter",267389,94.80270317776723,18.3297
197,"Judy",266994,0.24087619946515654,69.8133
198,"Adrian",265848,94.57133399536576,23.6457
199,"Tina",263054,0.30096177971062976,54.1992
200,"Roger",262758,99.5870725153944,61.5624
201,"Brianna",260590,0.164766107678729,22.6684
202,"Ann",260156,0.24208244284198716,63.1547
203,"Vincent",259682,99.60374612025478,38.3005
204,"Dawn",258539,0.32324678288382025,55.2206
205,"Morgan",257563,14.750954135493064,25.2298
206,"Dorothy",257222,0.26704597584965517,71.7799
207,"Jasmine",254492,0.4792056331829684,25.0181
208,"Alex",253027,96.29011923628704,28.5457
209,"Bruce",252790,99.6388306499466,60.9852
210,"Aiden",252698,99.16778130416544,11.4813
211,"Vanessa",251124,0.36809743393701916,35.0248
212,"Nathaniel",247804,99.6117899630353,28.5764
213,"Todd",246763,99.60042631999124,52.2114
214,"Ian",246281,99.68125839995777,23.7738
215,"Melanie",246278,0.232707346981866,37.0256
216,"Craig",245676,99.63244272944854,53.8884
217,"Chloe",242524,0.1405304217314575,15.2652
218,"Isaiah",241213,99.71974976473076,16.7479
219,"Valerie",240922,0.24614688571404855,45.3468
220,"Alexandra",239261,0.3484901425639783,26.1455
221,"Victor",238964,99.44510470196347,38.6867
222,"Wendy",237622,0.3538700120359226,52.7451
223,"Joel",235917,99.12553991446144,38.7124
224,"Julian",234196,98.83260175237835,18.4817
225,"Gloria",234187,0.3739327972944698,64.7122
226,"Martha",233441,0.32376189272664185,64.8054
227,"Joan",233148,2.581446120061077,71.8718
228,"Virginia",231672,0.25916209123243206,64.7044
229,"Riley",231541,41.06577236860859,15.6941
230,"Amelia",230813,0.08724855185799761,15.2555
231,"Phillip",230767,99.531562138434,49.4917
232,"Carl",230737,99.30050230348839,58.5188
233,"Connor",230572,99.27137727044048,17.9074
234,"Leah",230336,0.19351208669074743,26.3897
235,"April",230274,0.2684480227902412,42.8578
236,"Monica",230150,0.3949576363241365,44.1873
237,"Antonio",228887,99.27955716139405,32.5141
238,"Cindy",228719,0.2939091199244488,55.5435
239,"Paula",225269,0.3131718079274112,59.9073
240,"Derek",225249,99.61154100573143,35.242
241,"Lawrence",225207,99.4640486308152,59.0265
242,"Erica",225020,0.4309488045507066,37.5169
243,"Chad",224160,99.55656673804425,43.2747
244,"Avery",223784,27.09411754191542,13.5098
245,"Beverly",223406,0.5352721054940333,68.9112
246,"Ruth",222731,0.2820110357336877,61.9401
247,"Gerald",222048,99.40103040783974,62.6186
248,"Ella",220355,0.12896371763744865,20.6034
249,"Johnny",219521,98.93768705499701,52.6775
250,"Marcus",218877,99.43118737921299,33.6651
251,"Owen",217266,99.73396665838189,14.5524
252,"Jesus",217150,99.07114897536266,28.3114
253,"Walter",217016,99.41248571533896,57.2514
254,"Dana",216808,18.395723405040403,49.1897
255,"Oliver",216414,99.77450627038917,11.9526
256,"Danny",216005,99.3389041920326,55.5269
257,"Alicia",214418,0.2934478448637708,38.815
258,"Helen",212722,0.26746175759912,65.7964
259,"Kristen",212570,0.9448887425318719,39.3572
260,"Jeremiah",212380,99.68264431679066,21.334
261,"Philip",211046,99.6531561839599,52.4229
262,"Alice",210675,0.2305574937700249,53.2081
263,"Russell",209915,99.53695543434247,53.8163
264,"Bonnie",209382,0.6112129982519987,64.7487
265,"Willie",208960,85.5469946401225,62.7314
266,"Audrey",208424,0.5199545157947262,33.2228
267,"Jane",207941,0.2331993209612342,61.3607
268,"Arthur",206096,99.38475273658878,53.8497
269,"Marilyn",205637,0.22618059979478403,67.3981
270,"Sebastian",204150,99.80651481753613,12.6546
271,"Carter",204000,95.4764705882353,12.799
272,"Lillian",202442,0.1527074421315735,28.9624
273,"Martin",202298,99.51556614499401,47.7072
274,"Wayne",202188,99.55289136842939,61.4951
275,"Joe",201366,97.5398031445229,59.3258
276,"Michele",200514,1.035523704080513,56.0099
277,"Dustin",200228,99.3332600835048,35.2568
278,"Connie",199973,1.3033609537287534,64.9436
279,"Jean",199216,8.093576821138864,67.7544
280,"Wyatt",198688,99.39050169109358,13.2417
281,"Billy",198406,98.61596927512272,59.3446
282,"Jared",197968,99.6216560252162,31.5529
283,"Blake",197666,90.45207572369553,22.753
284,"Jeffery",197180,99.42945532001217,51.9158
285,"Rose",196995,0.30609558618239047,55.3218
286,"Katie",195824,0.18836404117983496,34.8122
287,"Brooke",195272,0.8198256790528085,27.2941
288,"Levi",194252,99.31274838869098,14.6757
289,"Caroline",193720,0.12315248812719388,29.6714
290,"Sheila",192192,0.24277649433899431,61.1692
291,"Holly",191855,0.4104307940892862,43.6809
292,"Sherry",191623,0.3328921893509652,61.4083
293,"Wesley",191030,98.57195204941632,32.716
294,"Theodore",190581,99.74026791757835,30.1748
295,"Anne",190396,0.23242767705203893,55.7804
296,"Tony",189172,98.87139745839765,51.2137
297,"Jimmy",189004,99.26350765063174,56.0521
298,"Rodney",188168,99.47387441010162,54.7827
299,"Bobby",187209,97.07546111565149,58.2995
300,"Gavin",185303,99.78899424186332,17.3859
301,"Veronica",184989,0.4087470065787695,42.9216
302,"Shane",184749,98.15479380131963,36.132
303,"Savannah",184709,0.11530136593235847,18.5252
304,"Jill",184643,0.23074744236174674,55.399
305,"Ricky",184609,99.09213526967807,53.9818
306,"Casey",184355,58.79851373708335,33.98
307,"Kim",183956,13.882287068646852,60.5557
308,"Corey",183708,95.26857839615042,36.3103
309,"Rhonda",183482,0.26552522863278144,59.1493
310,"Troy",182315,98.87337849326715,44.0651
311,"Landon",181286,99.37115938351555,14.7495
312,"Marie",180486,0.42100993982912804,60.8921
313,"Chase",179697,97.930405070758,19.4577
314,"Frances",179192,0.7813351042457253,65.8464
315,"Curtis",178252,99.27293943405965,51.2778
316,"Sydney",177770,2.592507172188783,22.5619
317,"Hailey",177444,0.14349992110186877,17.472
318,"Miguel",176278,99.46221309522458,28.2251
319,"Dale",175558,91.40113238929585,62.0355
320,"Sofia",175320,0.10035420944558522,12.2048
321,"Albert",174667,99.40572632494977,56.1141
322,"Peggy",174154,0.2080744628317466,69.7956
323,"Lynn",174064,15.28506756135674,63.0605
324,"Dominic",173657,99.30955849749795,20.7718
325,"Stacy",172603,10.635620470096118,47.6441
326,"Kristin",172102,0.8764686058267771,43.0886
327,"Roy",171085,99.33950960049098,59.1294
328,"Louis",170252,99.35859784319715,51.6295
329,"Suzanne",170109,0.21346724747073934,61.0526
330,"Lily",169872,0.07900007064142414,14.4571
331,"Allen",168782,99.36663862260193,51.2435
332,"Devin",168560,89.83448030374942,26.4201
333,"Tara",168418,0.2992102981866546,42.2572
334,"Claire",166194,0.256586880392794,25.5636
335,"Carrie",165421,0.31213691127486837,50.4682
336,"Lee",165348,75.69610760335776,55.8422
337,"Kaitlyn",164492,0.1378875568416701,23.5184
338,"Renee",164001,0.8608849946036914,52.0884
339,"Harold",163691,99.45812537036245,64.2722
340,"Cassandra",163226,0.21487263058581355,36.9464
341,"Debbie",162337,0.21417852984840177,62.1831
342,"Steve",160801,99.58395781120764,59.0199
343,"Wanda",160772,0.3077743636951708,67.7287
344,"Chelsea",159937,0.24479951480895604,30.0596
345,"Molly",159391,0.21680772440100132,30.4033
346,"Lindsey",158454,2.9492155452055484,33.7396
347,"Haley",157396,0.4325535591755826,25.0586
348,"Seth",156779,99.69192302540519,29.1137
349,"Addison",155836,7.008008419107267,13.0472
350,"Madeline",155785,0.11773213082132425,25.2067
351,"Trevor",155773,99.6218856926425,28.5264
352,"Xavier",154420,99.45667659629581,17.7858
353,"Randall",154400,99.3380829015544,55.8694
354,"Zoe",153843,0.37300299656142955,14.981
355,"Ruby",153479,0.5993562637233758,39.2066
356,"Parker",153456,80.33507976227713,13.6452
357,"Ellen",152412,0.2043861375744692,60.0334
358,"Kelsey",152237,3.0534035746894643,28.5987
359,"Stacey",151006,7.978954478629989,48.2285
360,"Brett",150294,97.8269258919185,40.012
361,"Destiny",150009,0.34298608750141657,21.9557
362,"Shelby",150008,7.228814463228628,31.0362
363,"Cole",149308,99.63833150266564,19.3352
364,"Elaine",149247,0.18878034399351412,63.088
365,"Erik",148040,99.56700891650905,35.5339
366,"Gail",147753,1.886201972210378,68.7607
367,"Calvin",147395,99.43213813222972,39.1901
368,"Colton",146698,99.86298381709362,15.5026
369,"Mackenzie",146027,5.170564347689126,19.4316
370,"Jenna",145617,0.17025896701621376,27.4294
371,"Laurie",145528,0.529874663295036,59.1693
372,"Aubrey",145054,10.668233899099647,17.9139
373,"Darlene",144597,0.24432664578103278,64.2058
374,"Paige",143838,0.6230620559240256,25.1601
375,"Rita",142368,0.2224046133962688,65.7003
376,"Cathy",142304,0.18223170114684056,63.4988
377,"Ralph",141661,99.51786306746388,64.0135
378,"Jay",141586,98.78236548811323,50.217
379,"Gina",141581,0.2573608040626921,49.1382
380,"Autumn",141277,0.22665048097000925,20.427
381,"Phyllis",141277,0.20485429333861843,72.9336
382,"Josiah",140962,99.68431208410777,12.7241
383,"Hayden",140858,76.94131678711894,15.8395
384,"Eli",140356,99.32101228305167,14.6406
385,"Oscar",140111,99.51467051123753,31.284
386,"Leo",139915,99.54400886252367,24.1754
387,"Anita",139880,0.28049042036030886,61.3839
388,"Heidi",139723,0.23572282301410644,43.5032
389,"Alejandro",139229,99.40816927507919,24.3419
390,"Regina",139050,0.3201330456670262,52.1624
391,"Glenn",138577,99.29569842037279,60.4412
392,"Mitchell",138485,99.28295483265336,40.6144
393,"Chris",138108,85.79517479074347,53.063
394,"Kaylee",138077,0.125662492667135,17.3217
395,"Harper",137403,4.274739270612723,7.46292
396,"Lydia",137172,0.13325022599364303,30.3597
397,"Joanne",137157,0.18975845199297156,66.3245
398,"Sabrina",137071,0.2384924601119128,34.2658
399,"Peyton",136508,37.012116505992324,14.8422
400,"Eleanor",136192,0.08287711466165414,30.8046
401,"Dean",136173,99.1099557180939,45.3929
402,"Ronnie",135884,95.43066144652792,57.9669
403,"Gabrielle",135864,0.5648516163222045,24.666
404,"Eva",135700,0.23916433308769344,35.2242
405,"Faith",135387,0.20377362671452948,25.4204
406,"Derrick",135333,99.30246133611166,39.3596
407,"Mike",135085,99.64392789724988,60.8777
408,"Manuel",134916,99.38331999169854,38.2491
409,"Brayden",134773,99.2216541888954,13.2018
410,"Eugene",134222,99.24677027610973,61.5904
411,"Beth",133852,0.20881720108776855,57.0599
412,"Colleen",133847,0.20618616778859444,54.0511
413,"Frederick",133811,99.48285268027293,55.208
414,"Jon",133431,99.25579513006723,52.1572
415,"Gabriella",133423,0.04998148744969009,16.1785
416,"Naomi",133379,0.10945276242886812,26.3051
417,"Ricardo",132675,99.49651403806293,33.9445
418,"Carson",132219,94.09086439921646,15.5332
419,"Katelyn",132211,0.11586706098584837,24.1894
420,"Carla",131915,0.280509418944017,52.9018
421,"Jorge",131883,99.49500693796774,28.9993
422,"Sylvia",131840,0.3203837985436893,58.3034
423,"Kristina",131248,0.25151773741314154,39.9264
424,"Edwin",131178,99.49915382152496,43.2064
425,"Dakota",130245,69.27168029482897,20.8946
426,"Alexa",129946,0.2145291120927154,19.3353
427,"Mario",129944,99.25352459521024,35.671
428,"Barry",129879,99.52109270936795,60.5262
429,"Lucy",129780,0.11432269995376793,27.5717
430,"Lindsay",129752,2.324257044207411,35.9875
431,"Doris",129606,0.49655417187475887,73.4793
432,"Terri",128867,0.6064360930261432,59.1074
433,"Stanley",128486,99.47153775508616,60.3083
434,"Garrett",128208,99.65524772245101,27.5988
435,"Bailey",127855,15.358804896171444,19.792
436,"Tristan",127597,94.97166861289841,18.6385
437,"Nora",127160,0.18227587291601136,24.4933
438,"Micah",126872,89.33649662652122,18.7099
439,"Colin",126702,99.65825322410065,25.4983
440,"Cory",126455,95.04725000988495,37.4872
441,"Micheal",125938,98.67950896472868,51.2147
442,"Grayson",125370,96.72888250777699,9.56383
443,"Eddie",125289,96.08265689725354,55.7314
444,"Vivian",124981,0.4896224226082364,39.5996
445,"Vicki",124558,0.17320846513270927,64.973
446,"Brooklyn",123756,1.4539497074889298,12.9184
447,"Brent",123514,99.5692795958353,46.0075
448,"Nolan",123229,99.5837018883542,15.1925
449,"Francisco",123131,99.35272189781614,31.8862
450,"Layla",123008,0.08792680150884495,10.4581
451,"Annette",122816,0.27268596925482025,59.2552
452,"Melinda",122329,0.24677795126257876,51.5807
453,"Erika",121848,0.42718633051014376,35.5799
454,"Ivan",121639,99.57579394766482,25.1684
455,"Diego",121634,99.80515316441127,16.6849
456,"Tamara",121441,0.3101151999736498,49.1216
457,"Bryce",121416,97.14370428938525,21.9863
458,"Marc",121398,99.59472149458804,47.4839
459,"Leonard",121270,99.464005937165,58.708
460,"Marvin",120968,99.30725481118974,54.5551
461,"Andre",120578,98.38113088623132,35.6978
462,"Sally",120496,0.23479700570973308,64.6766
463,"Kylie",119604,0.36561486237918467,18.2317
464,"Maya",118867,0.13482042955572196,15.198
465,"Marissa",118735,0.21917379037352086,28.4952
466,"Aidan",118622,97.73397852000471,17.2426
467,"Max",118276,99.2779600257026,25.2713
468,"Howard",118009,99.49749595369845,63.1703
469,"Deanna",117288,0.18505132664893253,49.4057
470,"Grant",117251,99.83198437539978,27.1647
471,"Ariana",117213,0.16688848506564974,16.2581
472,"Cooper",117096,97.79326364692218,11.7539
473,"Josephine",116821,0.14670050761421322,39.4832
474,"Tommy",116669,98.51031550797555,55.4134
475,"Spencer",116601,95.37568288436634,27.7815
476,"Camila",116563,0.09720837658605218,8.3892
477,"Carmen",116524,6.467972263224743,46.2116
478,"Jo",116152,0.9253736483228872,69.6428
479,"Jessie",115936,49.46065070383659,46.5548
480,"Harry",115902,99.48836085658573,61.2923
481,"Darrell",114980,99.21812489128544,55.1749
482,"Jake",114618,99.81940009422604,23.958
483,"Mateo",114461,99.93709647827644,6.91123
484,"Ernest",114407,99.29374950833429,59.538
485,"Francis",114186,89.89105494543989,55.9178
486,"Jaime",114031,57.788583806157966,37.3663
487,"Jackie",113782,39.23107345625846,60.0555
488,"Charlie",113458,71.23376051049726,31.3142
489,"Elias",112768,99.80668274687855,13.9053
490,"Tonya",112629,0.3476591286435998,50.683
491,"Miranda",111999,0.16229966338985172,28.5663
492,"Mariah",111702,0.1595163918282573,21.9043
493,"Norma",111473,0.4879172535053331,67.494
494,"Zoey",111390,0.19855911661729062,10.156
495,"Annie",111325,0.3156883000224568,53.8682
496,"Alison",110739,0.4154173326470349,37.1391
497,"Caitlin",110341,0.24733689199844117,29.7602
498,"Jaxon",110117,99.64129062724193,9.05721
499,"Jocelyn",109041,0.3127740941480728,23.3661
500,"Tanya",108977,0.33941749176431724,48.0555
501,"Maureen",108686,0.20705242625545148,63.2684
502,"Melvin",108232,99.07051518959273,57.378
503,"Yvonne",107518,0.3568276939675217,60.6351
504,"Joy",106861,1.0494754868473999,50.5401
505,"Miles",106731,99.687063739682,15.9936
506,"Aaliyah",106631,0.09823878609410022,13.1977
507,"Makayla",106630,0.14143393041357968,18.1505
508,"Stella",105942,0.0688565441467973,23.387
509,"Eileen",105876,0.1769947863538479,60.7469
510,"Hudson",105434,98.30320390007019,7.99468
511,"Jade",105008,5.2806738534206925,18.8781
512,"Brandy",104949,2.051567904410714,40.7986
513,"Scarlett",104948,0.04358463238937378,9.3868
514,"Ana",104925,0.5357436263998094,29.9924
515,"Damian",104313,99.68843768274328,18.2196
516,"Clayton",104275,99.59913689762647,33.9161
517,"Melody",104242,0.14572437213407266,35.1449
518,"Gianna",103947,0.06970840909309552,11.2591
519,"Madelyn",103934,0.04763455654550003,16.0089
520,"Preston",103914,99.30327001174048,25.6329
521,"Ashton",103913,81.43620143774119,16.9071
522,"Asher",103859,98.66453557226625,7.85179
523,"Lois",103704,0.5008283190619456,73.5101
524,"Eduardo",103498,99.59226265241841,26.9366
525,"Hazel",103070,0.6664926748811486,27.6634
526,"Skylar",102762,17.330433428699322,14.2857
527,"Isabel",102452,0.8878762737672276,24.3841
528,"Clara",102189,0.1381929561890223,36.8517
529,"Arianna",102013,0.07086841873094606,15.3899
530,"Maxwell",101886,99.30608719549299,18.2482
531,"Javier",101849,99.53067776806841,27.6253
532,"Alexandria",101595,0.2054136522466657,24.9487
533,"Esther",101573,0.24502672954426868,41.9382
534,"Claudia",100196,0.5001846381093058,48.2817
535,"Angelina",100196,0.07973162601301449,24.9764
536,"Omar",99922,99.56416004483498,25.0489
537,"Irene",99397.6,0.30634441877872304,60.0544
538,"Joann",99293.9,0.3308158910063962,66.4346
539,"Whitney",99289.6,4.198304756993682,33.91
540,"Fred",99109.8,99.45141650976997,65.9754
541,"Brandi",99020.1,0.3713084515164093,39.1768
542,"Sierra",98964.2,0.26245551421625196,24.3925
543,"Violet",98743.1,0.06502499921513503,17.9195
544,"Kara",98486.1,0.2532692430708496,34.9891
545,"Joanna",98023.6,0.29759670120256754,35.8829
546,"Roberto",98009,99.32108275770594,35.9722
547,"Daisy",97857.8,0.3482032091463328,27.9387
548,"Ezra",97556.4,95.26602047636035,8.9651
549,"Tanner",97549.3,97.46671682933655,22.0437
550,"Bethany",97529.8,0.17972250532657708,32.8103
551,"Penelope",97232.1,0.05422015980319256,14.8086
552,"Lincoln",97107.5,97.97863192853282,9.84694
553,"Ariel",97049.6,21.280046491690847,21.7066
554,"Kennedy",96818.8,6.98711407288667,13.7775
555,"Hector",96667.5,99.52931440246205,32.8531
556,"Charlene",96503.4,0.26183326183326183,60.8562
557,"Nevaeh",96388.5,0.4381684537055769,12.0873
558,"Katrina",96343.3,0.2311733145947876,40.7885
559,"Ellie",95726.5,0.3561814126704726,10.6517
560,"Briana",95444.6,0.2104089702298506,25.4556
561,"Kendra",95390.4,0.3491168922658884,32.9488
562,"Kendall",95233.7,32.044223840930265,24.6289
563,"Nicolas",95207.8,99.8200777667376,21.81
564,"Darren",95125,99.4405256241787,42.9708
565,"Natasha",94925.5,0.2845789592891267,35.614
566,"Elena",94894.1,0.09232460184563634,20.5095
567,"Sadie",94890.5,0.0691989187537214,18.5389
568,"Sophie",94804.2,0.05144740422892656,15.7442
569,"Edgar",94499.2,99.55809149707089,33.8491
570,"Meghan",94401.5,0.22917114664491559,32.996
571,"Johnathan",94274.8,99.64009470187155,28.4715
572,"Jerome",93741.3,99.28868065623156,54.9793
573,"Adriana",93682.3,0.4152363893713113,24.8523
574,"Roberta",93672,0.39431527030489366,67.6176
575,"Fernando",93643.5,99.39568683357628,29.4647
576,"Ruben",93625.3,99.405822998698,38.5308
577,"Jaden",93234.1,85.58242102406737,16.4603
578,"Lance",93096.9,99.65025688288225,42.9478
579,"Yolanda",92987.2,0.4827417106870623,54.2998
580,"Brady",92986.9,97.82195126410281,21.9014
581,"Lorraine",92904.3,0.23397732935935148,66.115
582,"Genesis",92839.2,3.736255805737232,12.3746
583,"Christy",92813.3,1.042431418772956,48.1251
584,"Rosa",92391.8,0.6362501867048806,50.4568
585,"Jeff",92354.4,99.75539876822327,58.63
586,"Norman",91971.1,99.28705865212005,63.209
587,"Jeanette",91852.6,0.32256354202276255,60.2448
588,"Santiago",91597.1,99.87379513106856,12.5071
589,"Marcia",91084,0.18172126827982962,66.6108
590,"Vickie",91025.8,0.309953881207306,64.485
591,"Leon",90620.2,99.40554092796089,44.3566
592,"Roman",90610.2,99.5041397105403,14.867
593,"Priscilla",90347,0.2011345147044174,45.7981
594,"Angelica",90086.9,0.34067661335887905,30.3653
595,"Ray",89989.3,98.1252215541181,57.2584
596,"Aria",89546.5,0.7441083682779338,7.31154
597,"Ayden",89513.3,97.30810952115495,11.4482
598,"Earl",89423.2,99.19853013535638,62.6659
599,"Leonardo",89339.3,99.84441337686773,14.4841
600,"Rosemary",89284.2,0.18012817497384756,57.7886
601,"Devon",89201.5,78.00149100631715,28.5304
602,"Andres",89111.3,99.51577409374569,23.4738
603,"Jace",88305.8,99.03539744841223,11.6698
604,"Loretta",88163.4,0.22210917455542778,64.7151
605,"Nina",88116.6,0.16707862082740368,40.3489
606,"Summer",88107.1,0.26795570391035456,23.3665
607,"Brendan",87987.4,99.63915287870763,28.5663
608,"Jeanne",87889.8,0.17603407903988857,66.4886
609,"Toni",87839,1.4959983606370746,52.783
610,"Tracey",87298.5,8.639083145758518,52.9696
611,"Sue",87106.6,0.36586320669157096,69.3992
612,"Warren",86956.7,99.46295110095025,50.2113
613,"Juanita",86724.9,0.3787724171489388,64.2632
614,"Trinity",86552.7,3.147596782076122,17.0598
615,"Reginald",86538.2,99.22022875446912,49.1101
616,"Emmanuel",86360.1,99.57619317254148,19.6034
617,"Gwendolyn",86253.2,0.2073128881015429,54.415
618,"Giovanni",85695.5,98.89119031921163,15.5448
619,"Karla",84671.9,0.342608350586204,40.3263
620,"Hope",84658.7,0.3213680342362923,31.6026
621,"Quinn",84621.6,41.48527090010115,13.979
622,"Clarence",84620.4,99.18884807918658,61.0976
623,"Bridget",84518.7,0.16578224700569222,40.021
624,"Kaleb",84506.5,99.76368681699041,17.3424
625,"Alfred",84476.4,99.35437589670015,59.1439
626,"Penny",84412.5,0.2989130756700725,58.2509
627,"Kerry",84201.6,47.173806673507386,53.1492
628,"Gabriela",84033.8,0.42644745328665373,23.4876
629,"Marlene",83389.7,0.21598111037694104,61.6387
630,"Aurora",83223.1,0.05915653226087469,13.3067
631,"Felicia",83177.5,0.30944065402302307,44.7581
632,"Harrison",82968.2,99.64022360374216,17.7398
633,"Isabelle",82683.2,0.023906549335294233,16.9238
634,"Payton",82543.1,28.70379232182944,16.6593
635,"Abraham",82293,99.75271286743708,23.3741
636,"Drew",82003.4,89.11776828765638,28.5766
637,"Jillian",81677.1,0.26658022872996223,28.5693
638,"Cecilia",81615,0.184812840776818,33.1899
639,"Misty",81233.8,0.2721638037368681,44.3786
640,"Breanna",81221,0.07811120276775711,25.4668
641,"Jenny",81128.1,0.5201970710518303,44.5085
642,"Natalia",81030.8,0.056290200763166605,15.7546
643,"Clifford",80899.7,99.28417534304825,59.0216
644,"Brittney",80841.7,0.31481153909430404,32.0975
645,"Jonah",80830.6,99.08005136668538,15.5845
646,"Marsha",80822.3,0.2241349231585837,65.4514
647,"June",80672.1,1.6111146232712426,54.5991
648,"Desiree",80579.9,0.23165950814036754,35.3114
649,"Georgia",80540,0.19650856717159174,43.9208
650,"Maurice",80362.7,98.61801557190091,46.1398
651,"Constance",80211.1,0.1970325802787893,64.2767
652,"Bryson",79902,99.65395109008536,12.9211
653,"Don",79859.1,99.28661855693338,63.4279
654,"Brody",79617.2,99.64844279879223,13.5622
655,"Luna",79542.6,0.12378939084213991,5.78261
656,"Sawyer",79540.5,78.39566007254166,9.41717
657,"Louise",79369.7,0.6963148405499833,68.2693
658,"Rafael",79208.3,99.34691187665938,29.5758
659,"Dalton",79109.4,99.49664641622867,24.0234
660,"Everett",78873.6,98.88112118630315,23.889
661,"Collin",78842.1,99.35681571140292,22.6346
662,"Mila",78766.7,0.10348522916410108,6.77231
663,"Andy",78674.3,98.54577670217593,34.1174
664,"Geraldine",78483,0.28079201865372116,71.2995
665,"Kayden",78359.4,89.79854363356536,9.82315
666,"Shelly",78205.9,1.4378454822462245,53.4826
667,"Sergio",77644,99.5545051774767,27.9107
668,"Jim",77545.3,99.66110131755245,64.6148
669,"Glenda",77246.3,0.212863269826516,67.2296
670,"Jody",77241.8,35.43055703000189,53.6174
671,"Pedro",77181.4,99.4597143871451,33.6126
672,"Rachael",77138.3,0.22207904503988288,36.0813
673,"Candace",76723.1,0.18926372891606308,47.4631
674,"Bella",76521.2,0.05836565553075489,10.8297
675,"Easton",76517.8,98.72918458188813,8.55342
676,"Kristine",76472.2,0.21613344457201444,51.08
677,"Darryl",76442,98.73603516391512,52.8112
678,"Ezekiel",75748.4,99.94098885256982,10.1928
679,"Bianca",75609.3,0.2489296951565482,26.0751
680,"Erick",75582.4,99.4624409915536,25.3138
681,"Monique",75515.4,0.46230835034973006,41.1977
682,"Cesar",75384.1,99.59235435589203,25.1428
683,"Franklin",75321.4,99.34268348703026,48.7968
684,"Jodi",74965.7,1.1618193387109037,50.5721
685,"Serenity",74835,0.09933266519676623,11.1688
686,"Sherri",74622.6,0.20500625815771628,57.6742
687,"Becky",73982.7,0.16167968998157678,58.9362
688,"Kai",73852.6,88.9766914096457,10.8001
689,"Alvin",73660.5,99.27125121333687,53.0602
690,"Raul",73597.5,99.43693739597134,36.937
691,"Miriam",73376.6,0.28395292232128494,37.4263
692,"Krystal",73279.8,0.24820755515162432,35.0997
693,"Cora",73225,0.06462505974735405,25.9409
694,"Leroy",73162.1,99.28227866613997,60.7485
695,"Bernard",72722.7,99.41586327240324,59.8538
696,"Marjorie",72689.5,0.1277616437036986,68.0373
697,"Rebekah",72636.1,0.15545025132131265,32.4561
698,"Meredith",72507.3,2.1305716803687353,37.4485
699,"Ivy",72368.8,2.0019676987873223,16.2306
700,"Dominique",72368.5,31.39846756530811,30.6263
701,"Cheyenne",72040,3.4997362576346474,23.5188
702,"Marco",71840.4,99.54872188907635,27.5682
703,"Rylee",71808.4,7.522253663916755,12.3806
704,"Valeria",71664.5,0.14385783756253095,18.8671
705,"Kristi",71654.9,0.17719513948104038,48.5063
706,"Iris",71653.8,0.5560612277367006,31.7638
707,"Brad",71551.1,99.69308647945314,51.1898
708,"Neil",71546.7,99.63813844663696,49.4714
709,"Lorenzo",71495.4,99.61577947672158,25.3649
710,"Reagan",71302.5,10.291181936117248,14.2216
711,"Kelli",71295,0.39011711901255347,45.0196
712,"Liliana",71266.3,0.2125899618753885,15.2463
713,"Guadalupe",70886.4,23.505496117732037,38.6637
714,"Kurt",70855.4,99.74342110834179,52.6907
715,"Krista",70703.1,0.19560669899905378,40.681
716,"Dianne",70660.9,0.165443689508625,67.6102
717,"Caden",70514.1,98.68196573451266,14.3974
718,"Dolores",70131.3,0.5184632254072006,73.2475
719,"Luca",69817.1,97.68824542984456,6.51833
720,"Kate",69813,0.10873032243278473,26.3493
721,"Duane",69662.9,99.24292557444494,59.2505
722,"Arlene",69190.4,0.1641325964295625,65.0495
723,"Bill",69172.5,99.71636127073621,66.5271
724,"Cristian",69006.8,98.39740431377776,19.5912
725,"Kaden",68934.3,98.41791386871267,14.5448
726,"Shaun",68886.9,95.80312076751895,39.1384
727,"Dallas",68338.8,79.35930979180202,26.8203
728,"Tyrone",68239.1,99.04937198761412,47.5719
729,"Weston",68066.5,99.8364834389898,12.5487
730,"Mathew",67949.7,99.70448728986294,34.2006
731,"Tom",67831.5,99.6971908331675,63.9919
732,"Skyler",67753.7,60.126900818700676,19.4473
733,"Jacquelyn",67592.7,0.13572752678913552,49.9017
734,"Eliana",67478.3,0.05360701143923305,9.07832
735,"Kristy",67035.4,0.2462877822762302,44.9887
736,"Karl",67011.8,98.84229344682578,53.2549
737,"Daniela",66861.2,0.2453859637577549,19.2883
738,"Axel",66859,99.70116214720531,9.18457
739,"Jada",66607.4,0.37625248846224296,20.6347
740,"Jordyn",66560.3,8.656045720947771,15.721
741,"Glen",66446.7,99.22042780153116,59.4759
742,"Gordon",66303.1,99.66019688370528,59.4694
743,"Maggie",66248,0.07262015457070402,29.4933
744,"Edith",66056.6,0.22187487699942168,57.0663
745,"Sandy",65928,9.34226732192695,54.2029
746,"Elise",65831.8,0.06842574561230287,25.1446
747,"Jaxson",65817.4,99.79746996994717,8.51121
748,"Mckenzie",65725.2,3.2171982740257925,18.6001
749,"Ryder",65724,96.46476173087457,9.44552
750,"Rowan",65711.2,68.27709735935427,8.02467
751,"Sheryl",65656.8,0.2022699857440509,62.7104
752,"Israel",65477.8,97.59567364816778,23.3786
753,"Armando",65475.4,99.46712811223757,34.4359
754,"Camille",65467.3,0.7818911120513599,31.2237
755,"Carly",65302.1,0.23563713877501644,26.0674
756,"Marion",65030.2,34.49105184975596,64.459
757,"Gracie",65019.1,0.050386117310144245,22.4118
758,"Mildred",64917.7,0.24659222369245987,73.6573
759,"Maverick",64906.2,98.9091951154127,6.00053
760,"Shelley",64852.1,1.3477929010779912,56.6967
761,"Dwayne",64584,99.34333581072711,48.8317
762,"Alana",64471.8,0.046464345651897415,22.2772
763,"Clinton",64446.9,99.53837965829233,47.5735
764,"Belinda",64254.4,0.198892215941632,54.4174
765,"Dillon",64050,98.44527712724434,24.6548
766,"Candice",64034.2,0.22998647597689986,42.9175
767,"Rick",63784.7,99.81468910255909,59.3015
768,"Carole",63576.1,0.1392262186576402,73.5894
769,"Marshall",63448,98.66457571554659,39.5576
770,"Bennett",63387,96.80928266048244,12.7511
771,"Gilbert",63377.7,99.4551711406378,54.6703
772,"Juliana",63369.5,0.0745888795082808,20.3247
773,"Tim",63279.6,99.73767217239046,60.9398
774,"Lewis",63249,99.39477303988996,52.3852
775,"Cassidy",63143.9,5.647117140373021,21.5562
776,"Braxton",63079.4,98.71463583990969,12.4145
777,"Greg",62790.3,99.7932801722559,58.4088
778,"Herbert",62688.3,99.39669762938219,63.9633
779,"Silas",62499.4,99.72607737034275,11.6538
780,"Jonathon",62417.4,99.65009756894712,33.7575
781,"Damien",62368,99.59466393022062,22.6146
782,"Kay",62342.5,1.8192244456029194,69.3082
783,"Damon",62146.6,99.5192013722392,35.802
784,"Malachi",61873.9,99.54972936892615,13.0278
785,"Nichole",61802.1,0.2808933677010976,39.2358
786,"Patsy",61688,1.7033782907534691,73.8979
787,"Paisley",61568.2,0.13240455299976286,7.36528
788,"Mya",61140,0.09535148838730782,15.273
789,"Bentley",60775.8,94.4616113650499,9.62004
790,"Camden",60577.9,93.82844238575454,11.7301
791,"Piper",60450.9,0.3535861335397819,11.416
792,"Kristopher",60416.5,99.5241366183079,34.4919
793,"Karina",60336.6,0.4035328473927931,25.8535
794,"Bobbie",60294.2,11.015437637451033,61.0177
795,"Terrance",60236,98.885882196693,43.5778
796,"Beau",60171.4,98.43297646390145,15.2589
797,"Dan",60125,99.47559251559251,61.3263
798,"Emilia",60103.3,0.06625709403643394,10.6193
799,"Gage",59880.2,99.59335473161413,18.5214
800,"Johnnie",59827,69.07215805572736,62.3226
801,"Reese",59813.3,28.341857078609607,13.7873
802,"Jameson",59788.6,98.02989198609768,10.0749
803,"Billie",59766.4,14.042756465171067,60.9495
804,"Willow",59706.7,0.7237730438962462,8.1563
805,"Rene",59528.5,68.90262647303392,45.1951
806,"Abby",59492,0.25625462247024805,27.4268
807,"Adrienne",59423.4,0.6430951443370793,43.7295
808,"Abel",59355.3,99.74121940247963,20.2746
809,"Robyn",59325.9,1.7678113606367538,47.2223
810,"Delilah",59317.4,0,12.946
811,"Angelo",59287.2,98.89132898838199,31.8822
812,"Elliott",59126.1,87.15440389269715,19.2597
813,"Sonya",59098.1,0.27543863508302296,49.6845
814,"Terrence",59083.1,99.20010967603258,47.173
815,"Eden",58810.3,17.40154360715725,12.2449
816,"Lynda",58605.2,0.12294147959566729,65.9139
817,"Felix",58464.7,99.16171638612703,29.1948
818,"Sonia",58444.6,0.4386649921464087,45.1229
819,"Elliot",58409.9,88.48585599359012,17.3116
820,"Valentina",58392.3,0.011896380173413275,10.6074
821,"Greyson",58154.5,98.64584855858102,7.89929
822,"Jan",58125.3,26.35427258009851,62.2677
823,"Lonnie",58115.4,93.79286729507153,58.0128
824,"Mallory",58023.7,1.3352440468291407,25.5987
825,"Ramon",57856,99.26282494469027,40.1304
826,"Allan",57766.7,99.70467414617764,52.0166
827,"Myles",57661.3,99.47104903982394,15.3857
828,"Byron",57404.9,99.56711012474545,44.9778
829,"Kari",57349.2,1.5009764739525575,44.1762
830,"Donovan",57280.5,99.62378121699356,23.7162
831,"Gene",57245.7,96.65249966373021,64.0203
832,"Wade",57241.5,99.7809281727418,40.6381
833,"Vernon",57201.4,99.03026848993206,59.945
834,"Ross",57194.1,99.51778242860715,45.3444
835,"Julio",57080.5,99.35231821725459,31.3447
836,"Tabitha",57058.9,0.2404848323399154,35.4288
837,"Emerson",56825.6,44.360992228854606,12.2072
838,"Trenton",56676.4,99.86449386340699,23.5858
839,"Lloyd",56616.7,99.43338272983061,61.2145
840,"Kaitlin",56454.5,0.12836284087185257,28.823
841,"Emmett",56351.8,99.59220468556461,15.9872
842,"Lucille",56310.4,0.12058465221344548,52.5186
843,"Celeste",56265,0.07155620723362659,33.8314
844,"Yvette",56186.8,0.2966461873607324,49.1937
845,"Conner",56001.2,98.48896095083677,18.5275
846,"Selena",55978.6,0.09969023876981561,24.1041
847,"Declan",55924.6,99.31318239200638,8.71305
848,"Colby",55910.4,92.78327466804029,25.0113
849,"Sidney",55876.2,60.94079411269915,41.9379
850,"Mikayla",55761,0.019463244920284787,20.1712
851,"Kirk",55744.2,99.67619949698803,53.5666
852,"Josue",55687.7,99.67389567175516,19.259
853,"Genevieve",55683.6,0.044048696564158926,28.7534
854,"Simon",55560.1,99.74604077386469,23.5062
855,"Alisha",55423.6,0.22418969536442962,34.5161
856,"Kiara",55320.5,0.3868439366961614,20.267
857,"Jimmie",55224.3,86.18017792891897,64.0641
858,"Alberto",55126.6,99.36654899812433,34.0746
859,"Alma",54935.9,1.5019595565013042,49.9486
860,"Angie",54672.1,0.20875730034149048,41.1882
861,"River",54395.9,66.60649056270785,7.37289
862,"Joey",54253.6,87.05376233097897,41.5243
863,"Delores",54171.5,0.2283580849708795,72.5877
864,"Chance",54105.6,97.51467500591437,20.506
865,"Harley",54079,44.361212300523306,23.2991
866,"Sheri",54049.4,0.18103216686956747,56.8521
867,"Lilly",54049.3,0.04388900503799308,17.4885
868,"Tessa",53929.6,0.023464294190945232,21.9296
869,"Graham",53917.9,99.60198746612906,17.6844
870,"Enrique",53899.5,99.54211078024842,30.9105
871,"Josie",53856.3,0.6854165622220613,22.7277
872,"Callie",53807.2,0.28539489138999985,21.511
873,"Edna",53664.5,0.20079009401000664,68.8983
874,"Noel",53540.6,74.60842799669784,33.8584
875,"London",53170.4,18.351131456599916,12.6581
876,"Jude",53138.1,94.7664669982555,12.9694
877,"Lacey",53026.4,1.5911583663986242,30.372
878,"Zane",52968.1,99.15892773197453,19.2198
879,"Janelle",52873,0.15473947005087663,35.6702
880,"Roxanne",52872.7,0.09325322898206448,50.7569
881,"Alejandra",52802.5,0.9700828559253822,24.6162
882,"Daryl",52773.5,93.40218101888257,53.2017
883,"Annabelle",52767.8,0.018799949969488968,15.9022
884,"Tucker",52515.3,99.2581209666516,14.3966
885,"Pauline",52346.8,0.2260099948802983,67.8753
886,"Amir",52338,99.0609117658298,11.2423
887,"Michaela",52274.6,0.12724401525788814,25.337
888,"Kaiden",52249.3,96.9938353241096,9.95104
889,"Lena",52212,0.06730981383589979,37.6277
890,"Alec",52134.4,99.36395163270318,25.4612
891,"Allyson",52133.5,0.03704738795592086,28.1371
892,"Gerardo",51920.7,99.55354993287841,28.5483
893,"Caitlyn",51884.8,0.0638928934871099,24.1233
894,"Emery",51721.2,22.04569886236205,12.2513
895,"Darius",51612.3,99.4861689946001,27.1477
896,"Leilani",51401.1,0.04806862109954845,13.4348
897,"Kirsten",51368.5,0.3850219492490534,35.8284
898,"Aimee",51312.4,0.14125883801965997,39.6581
899,"Brooks",51310.3,97.02437912076132,12.765
900,"Kent",51247.7,99.71413351233323,56.0162
901,"Isla",51088.5,0.023368468442017284,5.70296
902,"Eliza",51072.4,0.09522971311314916,17.8156
903,"Anastasia",51072,0.04364877036340852,20.1582
904,"Nova",50972.1,5.71961916420944,6.82139
905,"Zion",50854,86.47323711015848,10.6064
906,"Dominick",50753.8,99.49343694462286,27.3574
907,"Hayley",50466.1,0.08900925571819499,25.6475
908,"Dwight",50340.9,99.48828884664358,57.2854
909,"Nelson",50131.7,99.42192265572483,43.8549
910,"Cristina",50101.1,0.5158988525202042,35.6578
911,"Amari",50075.9,59.40442408424011,10.4332
912,"Cara",50072.6,0.11757847605277137,37.0176
913,"Dawson",50028.8,97.38510617884097,13.9022
914,"Kylee",49997.2,0.9764226796700616,18.9203
915,"Julianna",49966,0.05112736660929432,19.0779
916,"Marcos",49869.3,99.69400011630401,26.8809
917,"Frankie",49751,61.39374082933007,47.1733
918,"August",49691,88.21255358113137,15.0925
919,"Esmeralda",49515.3,0.3486902028261971,24.5867
920,"Lucia",49150.4,0.16620719261694716,21.7734
921,"Adeline",49118.2,0.02248820192922379,12.9802
922,"Perry",49064.3,94.27812075174822,53.3652
923,"Arturo",49062.1,99.60009865048582,34.1401
924,"Traci",49015.2,0.4346406828902055,50.3174
925,"Rickey",49001.5,98.88595247084272,57.4362
926,"Athena",48971.6,0,15.6283
927,"Waylon",48887.7,99.44403193441296,9.37081
928,"Giselle",48797.4,0.08818072274342485,17.9567
929,"Lana",48768.8,0.018940613671035576,42.3297
930,"Griffin",48694.6,98.50291408082211,15.7047
931,"Trent",48669.2,99.79966796248962,31.4738
932,"Sam",48659.3,98.3729728952122,46.2649
933,"Aubree",48647.9,0.11392269758817954,11.3101
934,"Alaina",48636.6,0.011896514147781711,17.238
935,"Khloe",48490.1,0.04093412882217195,10.0758
936,"Beatrice",48369.9,0.16321245237223977,56.0881
937,"Harvey",48336.2,99.1732904117411,51.8867
938,"Kellie",48213.5,0.4750350005703796,45.0471
939,"Malik",48196.8,99.47299405769677,20.8328
940,"Floyd",47978.9,99.21694744981647,62.7197
941,"Jaclyn",47947.8,0.20430217861924843,36.0394
942,"Lynne",47938.5,0.4604190786111372,65.641
943,"Vera",47910.8,0.1015503811249238,47.4426
944,"Dante",47798.4,99.05226953203454,22.058
945,"Kelley",47778.1,9.570012202243287,47.876
946,"Alfredo",47583.3,99.45106791668505,35.3078
947,"Aliyah",47488.6,0.08962887935209714,13.7234
948,"Jasper",47471.2,97.5220765432515,15.9766
949,"Brielle",47442.1,0.010486108329943235,10.3158
950,"Raquel",47418,0.5366864903623096,35.8895
951,"Ashlyn",47329.1,0.11267296441301441,19.3591
952,"Kinsley",47277.6,0.44842800818992506,6.97969
953,"Lane",47175.9,91.0787075604281,22.0885
954,"Adrianna",47163,0.04792506837987406,20.8083
955,"Guy",47148.3,99.6398597616457,57.0096
956,"Clyde",47147.9,99.02265000137864,59.5272
957,"Malcolm",47136.2,99.84343243621676,34.2272
958,"Marisa",47129.5,0.13250320924261874,35.3492
959,"Dianna",47000.4,0.10455783355035277,56.5892
960,"Maddox",46865.5,96.26825703342544,9.34414
961,"Gladys",46800.3,0.2610239677950782,67.0244
962,"Raven",46638.4,6.771801777076401,23.7245
963,"Geoffrey",46601.7,99.71331517948916,46.937
964,"Kelvin",46581.8,99.38881709165382,40.2971
965,"Tyson",46502.8,99.33509380080339,23.87
966,"Emilio",46300.8,99.88013166079203,19.5853
967,"Marianne",46289.1,0.07752516251126075,61.0344
968,"Roland",46145.7,99.65738952925192,50.957
969,"Julius",46127,99.55600841155939,32.68
970,"Ty",46099.2,98.46504928502013,26.3538
971,"Stuart",46009.1,99.52074698266212,54.8278
972,"Bryant",45904.2,99.50483833723277,34.2901
973,"Marian",45687.8,0.7651211045399428,63.3329
974,"Hadley",45543.9,3.2662551955366137,9.71539
975,"Jayla",45542.4,0.11044718767566047,14.6981
976,"Braden",45412.6,99.39818464479022,20.6651
977,"Lila",45406.8,0.010357611635261678,25.953
978,"Gael",45378.2,98.86068640889238,7.98439
979,"Donnie",45377.3,93.71139314150466,58.0558
980,"Alexia",45323.3,0.09495380962992545,20.4787
981,"Vicky",45296.6,0.7089030964796474,59.7162
982,"Gayle",45250.4,3.8217120732634404,68.0743
983,"Rosalie",44977.9,0.04931911005182545,41.1776
984,"Nadia",44902.5,0.1322371805578754,22.7032
985,"Ramona",44876.3,0.2920338797984682,57.4073
986,"Florence",44852.9,0.2790923217896724,67.0503
987,"Jasmin",44794.1,1.2680777155920089,25.3071
988,"Delaney",44791.5,2.293850395722403,16.2349
989,"Lola",44726.1,0.05443980136877573,33.1234
990,"Chandler",44553.3,77.61153494802853,21.7049
991,"Jayce",44528.2,96.23407189152044,9.47052
992,"Jaylen",44522.9,88.83653131309954,14.8063
993,"Kasey",44508.1,26.989019976139172,30.3835
994,"Makenzie",44506.2,0.6622290826896029,16.5169
995,"Kingston",44484,99.56838413811707,7.64701
996,"Latoya",44260.9,0.39462143788309767,40.8561
997,"Freddie",43872.3,91.02850773722827,60.0603
998,"Jazmin",43725.2,0.5031080475332304,21.3483
999,"Rory",43644.7,72.39183680950953,23.7131
1000,"Serena",43595,0.03439775203578392,27.228